提供的地址,指定交互合约的地址,交互时间
0x06e03b3c947e7bb69ff23e092684fdbece8d924c,0x5bf5bcc5362f88721167c1068b58c60cad075aac,2022-09-04 11:50:17.000 UTC
0x0fd0bae99dbc24d68807592eecd6e577fcdffdff,0x5bf5bcc5362f88721167c1068b58c60cad075aac,2022-09-04 11:52:33.000 UTC
0x174a8b7b7523db178f50899e83d701bcc8eb7eda,0x5bf5bcc5362f88721167c1068b58c60cad075aac,2022-09-04 11:55:38.000 UTC
0x18664106cb257426ecc6b477ac81d5d7e2e73d48,0x5bf5bcc5362f88721167c1068b58c60cad075aac,2022-09-04 11:52:11.000 UTC
0x19ff100cde51cb0e1df5d04195008d980a5092f9,0x5bf5bcc5362f88721167c1068b58c60cad075aac,2022-09-05 01:39:04.000 UTC
0x1b5ab906e9cc7ba28ec0aa6d822fd8fad9a26383,0x5bf5bcc5362f88721167c1068b58c60cad075aac,2022-09-05 02:49:22.000 UTC
0x1ca961890f48d3a9d27574291b2ade2d488daf20,0x5bf5bcc5362f88721167c1068b58c60cad075aac,2022-09-04 12:11:55.000 UTC
0x20e834837053afc900544c18f4b4d19900df7973,0x5bf5bcc5362f88721167c1068b58c60cad075aac,2022-09-05 00:57:24.000 UTC
0x2e81f197e0477a89757a3c6e40e37127ed993212,0x5bf5bcc5362f88721167c1068b58c60cad075aac,2022-09-05 02:46:32.000 UTC
0x344218bb0dffa709c91cc53de1abbb6909e85d47,0x5bf5bcc5362f88721167c1068b58c60cad075aac,2022-09-05 02:51:00.000 UTC
0x40a9c5c3ac798881b245f8cc679b7da2210abab1,0x5bf5bcc5362f88721167c1068b58c60cad075aac,2022-09-05 01:39:04.000 UTC
0x43e1e25a9fe32c77917ec1b79a08ea3584ccbff0,0x5bf5bcc5362f88721167c1068b58c60cad075aac,2022-09-05 02:51:00.000 UTC
0x5ca9328b8837cb8482bbe9a5e7d8359056c16ab2,0x5bf5bcc5362f88721167c1068b58c60cad075aac,2022-09-05 00:52:25.000 UTC
0x694ac660aeab1201be3ecca2f38e417feb182e6d,0x5bf5bcc5362f88721167c1068b58c60cad075aac,2022-09-04 11:54:52.000 UTC
0x69fd8f800d922d8ca328daf7bfbe2822c9e8b9c1,0x5bf5bcc5362f88721167c1068b58c60cad075aac,2022-09-05 01:39:04.000 UTC
0x754401590f8941072479394d60d5e6b0edb9da16,0x5bf5bcc5362f88721167c1068b58c60cad075aac,2022-09-05 02:46:12.000 UTC
0x7e68c0115b40e93da22cb2219a3cc6710081fe35,0x5bf5bcc5362f88721167c1068b58c60cad075aac,2022-09-05 01:39:04.000 UTC
0x85ad2c3c60337d18e9b8edc0a6a77ec696444b0f,0x5bf5bcc5362f88721167c1068b58c60cad075aac,2022-09-04 11:54:52.000 UTC
0x97d9c0598e5b12f0eb122b236a3befdc42659c8b,0x5bf5bcc5362f88721167c1068b58c60cad075aac,2022-09-05 02:48:39.000 UTC
0xa44b1b0147df84082610fbc5efe39edee5f12e28,0x5bf5bcc5362f88721167c1068b58c60cad075aac,2022-09-05 01:39:04.000 UTC
0xa47d546ac66982181472da5b44de797a6dbc0073,0x5bf5bcc5362f88721167c1068b58c60cad075aac,2022-09-04 12:11:01.000 UTC
0xad0ec5e0ecb361682c55e25c25b29081bb010f8c,0x5bf5bcc5362f88721167c1068b58c60cad075aac,2022-09-04 11:53:03.000 UTC
0xb0e13d8c5584c59b81ebf78b36efb8e95ed101a5,0x5bf5bcc5362f88721167c1068b58c60cad075aac,2022-09-05 01:39:04.000 UTC
0xbe50e75f67def8fd7a06a33340e67a13c09cd066,0x5bf5bcc5362f88721167c1068b58c60cad075aac,2022-09-05 02:47:15.000 UTC
0xbf66dcc6c48a4dd6fff4385688e6d2abe5bdcd18,0x5bf5bcc5362f88721167c1068b58c60cad075aac,2022-09-05 01:39:04.000 UTC
0xbf9a182b0373f7f0c33da5fe77d2d6f7beb0b71a,0x5bf5bcc5362f88721167c1068b58c60cad075aac,2022-09-04 11:55:34.000 UTC
0xc9f02b799d3e6f64ee0100ec409eeaafc9766715,0x5bf5bcc5362f88721167c1068b58c60cad075aac,2022-09-04 11:54:52.000 UTC
0xca56c5a10aad0499ac0cc676615388963068e4f5,0x5bf5bcc5362f88721167c1068b58c60cad075aac,2022-09-05 02:47:39.000 UTC
0xcf8e3818f945867e1d1bb0b3faeecaea1e5f79d2,0x5bf5bcc5362f88721167c1068b58c60cad075aac,2022-09-05 02:49:35.000 UTC
0xcfc3d3c349b479f1993a89526fce3bcecc9029a3,0x5bf5bcc5362f88721167c1068b58c60cad075aac,2022-09-05 01:39:04.000 UTC
0xd37a45e8c7fba66c2deebbea6f2fbd052eab32f9,0x5bf5bcc5362f88721167c1068b58c60cad075aac,2022-09-04 11:52:59.000 UTC
0xd5fb49ac02c60b1e06a0e861705fc0cd102f3d7f,0x5bf5bcc5362f88721167c1068b58c60cad075aac,2022-09-04 11:50:51.000 UTC
0xe7a0d38fb06fea9866986e56b5ac46ce6305e06c,0x5bf5bcc5362f88721167c1068b58c60cad075aac,2022-09-04 11:53:03.000 UTC
0xed0b9603fe130c6d0eb7be7b40c48bbd7fe410b9,0x5bf5bcc5362f88721167c1068b58c60cad075aac,2022-09-05 01:55:57.000 UTC
0xf0a0553427898aeeecf4b9dd2a3000ddd0f5ffb8,0x5bf5bcc5362f88721167c1068b58c60cad075aac,2022-09-05 02:51:00.000 UTC
0xf262c2562b706dfe2945567786eb0ed782a82132,0x5bf5bcc5362f88721167c1068b58c60cad075aac,2022-09-04 11:52:33.000 UTC
0xff956b61004bc42e5c753f1adeb2dd73229def1b,0x5bf5bcc5362f88721167c1068b58c60cad075aac,2022-09-05 01:39:04.000 UTC
