提供的地址,第一笔入账时间,第一笔入账金额,最后交易时间
0x0133b4b2701b417ab2a21edf2f1336e0bb929e00,2023-06-03 10:38:45.000 UTC,7.80347E+18,2023-09-08 02:59:46.000 UTC
0x01cb70c826ae35aea866a39cf3c639cfe8f72713,2023-06-03 10:42:42.000 UTC,7.80957E+18,2023-11-23 09:54:47.000 UTC
0x01e704c07115531589e9474513f60b20fd0b9811,2023-06-03 10:38:21.000 UTC,7.80649E+18,2024-01-10 08:04:38.000 UTC
0x043b936a8f979422018898741cbe46230499f0e6,2023-06-03 10:40:28.000 UTC,7.8006E+18,2024-02-02 07:24:40.000 UTC
0x04ffe25b8a7910d3e6d094a17ebb40799e30ed80,2023-06-03 10:40:54.000 UTC,7.806E+18,2024-02-02 07:39:44.000 UTC
0x0568ef30e5d00e9912e55a693f9a977c7a7f632b,2023-06-03 10:41:38.000 UTC,7.80506E+18,2023-06-21 14:56:23.000 UTC
0x08700cfe36b64c5558b14a97d72ca5396168dc41,2023-06-03 10:39:54.000 UTC,7.80683E+18,2024-04-12 01:38:12.000 UTC
0x099814a63255a192e9811ba24ab0c0bd81c461ab,2023-06-03 10:45:37.000 UTC,7.80899E+18,2024-02-02 05:47:54.000 UTC
0x0abbb5f0dc0bf18428a1faeeb85b2e86dc5ef6ba,2023-06-03 10:44:21.000 UTC,7.80312E+18,2024-02-02 05:06:05.000 UTC
0x0b77038f7c1cad47f0708ced9c53903aaf293e3e,2023-06-03 10:41:50.000 UTC,7.80662E+18,2024-01-10 06:11:10.000 UTC
0x0f2e755fdbe37980dd231f845eea1b5288b08a0a,2023-06-03 12:44:39.000 UTC,7.80282E+18,2024-03-21 16:19:13.000 UTC
0x11e091a505e63b16fdd613fd3e5f9a38bd092e15,2023-06-03 10:42:34.000 UTC,7.80982E+18,2024-01-10 06:36:21.000 UTC
0x1377c8f598baa822256444f082c0afd57b7964a5,2023-06-03 10:45:21.000 UTC,7.80457E+18,2024-02-02 05:18:32.000 UTC
0x13be82afee2aa604810679a97c1aa9bbfb6bb774,2023-06-03 10:40:06.000 UTC,7.80677E+18,2024-04-12 01:39:04.000 UTC
0x155ea0bcee13608d2aa0225fe854f46e4ab28e23,2023-06-03 10:44:01.000 UTC,7.80866E+18,2024-02-04 03:55:48.000 UTC
0x166cec78fd7ef22ff5e1492980866b62db66109a,2023-06-03 10:36:49.000 UTC,7.8027E+18,2023-11-14 01:34:48.000 UTC
0x173836c0990d5eab8f6b799e3ec0041b65ef91de,2023-06-03 12:40:41.000 UTC,7.80328E+18,2024-03-20 14:31:56.000 UTC
0x1901af49a8453d48eee6f330c0b0aa83be3e7ec2,2023-06-03 12:43:49.000 UTC,7.80673E+18,2024-03-21 15:36:36.000 UTC
0x19fc4c01d59a1f0aef275f48e3c9cb93ff20e30e,2023-06-03 10:37:15.000 UTC,7.80593E+18,2023-10-28 03:21:00.000 UTC
0x1a241a3d1db7537789951b56c02a32fcc5ca3a22,2023-06-03 10:44:15.000 UTC,7.80533E+18,2023-06-21 22:56:46.000 UTC
0x1a651b840ac628df85eb9f5e7b85ded136067d0f,2023-06-03 10:46:21.000 UTC,7.80478E+18,2024-03-20 13:25:41.000 UTC
0x1bce18f2f52df145c45e7f48cee90b97184c7f6b,2023-06-03 10:44:25.000 UTC,7.80535E+18,2023-06-30 04:08:00.000 UTC
0x1c97575ba1bdfc3be09b4d2e8026740224b389b2,2023-06-03 10:39:58.000 UTC,7.8011E+18,2024-02-02 07:08:50.000 UTC
0x1ef1d5c056b6de35a3da40dfc610dc7e64fc4c93,2023-06-03 12:43:45.000 UTC,7.80023E+18,2024-03-21 15:36:28.000 UTC
0x25091fbe344e0444804309692038f3f59d107b07,2023-06-03 10:40:20.000 UTC,7.80027E+18,2024-02-02 07:17:04.000 UTC
0x25a2e50a48fba8fbdf7090e7ce323df7e3421e15,2023-06-03 10:43:49.000 UTC,7.80165E+18,2023-06-21 22:56:28.000 UTC
0x26196527dedc731de433b5ec30d7c6c4ef87f241,2023-06-03 10:40:10.000 UTC,7.80873E+18,2023-12-12 09:53:07.000 UTC
0x28246dacb1b0735c26a26f53009fbb2d13339e60,2023-06-03 10:39:10.000 UTC,7.80948E+18,2023-09-08 02:42:32.000 UTC
0x29240238fb70edb5fa03e6873a1b209480f8a67e,2023-06-03 10:42:22.000 UTC,7.80668E+18,2023-06-21 23:19:11.000 UTC
0x2b6ad48c9dd5fe603251c7d63f14969286e01cc1,2023-06-03 12:40:23.000 UTC,7.80837E+18,2024-04-11 04:24:59.000 UTC
0x2c55a86ea70bd93e3a6945f4ed93938555a01f3e,2023-06-03 12:39:37.000 UTC,7.80989E+18,2024-03-20 13:28:49.000 UTC
0x2cfe21733431bf3872fad153cd26d8fbcad93b39,2023-06-03 10:36:55.000 UTC,7.80108E+18,2023-07-06 09:32:47.000 UTC
0x2d0df52d2b2a27b75b9fc2f0c484490f90c581c8,2023-06-03 10:37:55.000 UTC,7.80835E+18,2023-09-27 04:22:41.000 UTC
0x2db63f41480f78c665206c444db998a44e7e94e8,2023-06-03 10:37:11.000 UTC,7.80172E+18,2024-03-19 10:57:29.000 UTC
0x2e9d6c65706aae03d71d8169f90f61ac22a270c2,2023-06-03 10:43:05.000 UTC,7.80049E+18,2023-06-21 22:55:22.000 UTC
0x3018648663c3c3e1117a68d016440db56b8d145c,2023-06-03 12:41:11.000 UTC,7.80874E+18,2024-03-20 14:32:40.000 UTC
0x335e5c2d11c1506e8bff5a8a32c3c3a5a1b8a738,2023-06-03 10:41:36.000 UTC,7.80477E+18,2024-02-04 02:59:44.000 UTC
0x33e297407f15ce045e3a3f6ed8a8fc7da4866229,2023-06-03 10:40:50.000 UTC,7.80212E+18,2024-04-12 01:58:00.000 UTC
0x359434f3a0294ac2c631c1f51e57ede21798da9c,2023-06-03 12:44:35.000 UTC,7.80999E+18,2024-03-21 16:19:13.000 UTC
0x3611929397c6ea9c83933abcb81318ccf0425966,2023-06-03 12:42:13.000 UTC,7.80917E+18,2024-03-21 08:11:57.000 UTC
0x365dc8f6e9a97370206a03475c50e64a9b5dd07e,2023-06-03 12:45:09.000 UTC,7.80519E+18,2024-03-21 16:21:47.000 UTC
0x3711809bfacb8f0724626e4d69de051f8bd64c2d,2023-06-03 10:40:02.000 UTC,7.8068E+18,2023-08-03 06:30:16.000 UTC
0x37510e0728978818f01947355a940a9013d450f9,2023-06-03 10:38:49.000 UTC,7.8069E+18,2024-01-09 03:56:20.000 UTC
0x3787bca0f84754c9dc0fb71c12b644cdd655c4b5,2023-06-03 10:43:05.000 UTC,7.80629E+18,2023-06-21 23:19:32.000 UTC
0x37e19e6711e4ed987090405c538518a082167096,2023-06-03 10:44:51.000 UTC,7.80938E+18,2024-02-02 05:10:48.000 UTC
0x3a0c5db789fd0d971dfba880a12d7df8283cc295,2023-06-03 10:36:21.000 UTC,7.80999E+18,2024-02-04 08:06:43.000 UTC
0x3a882eadadc99434b84cb332c5f7de07e9df7921,2023-06-03 10:42:00.000 UTC,7.80528E+18,2023-06-21 22:53:51.000 UTC
0x3bb28659f9846feb8891a10556830478edbab3c2,2023-06-03 10:42:46.000 UTC,7.80339E+18,2024-04-11 05:15:13.000 UTC
0x3bb5523cacea7a80346bf531b809b8ded1a84ff6,2023-06-03 10:44:49.000 UTC,7.80197E+18,2024-02-02 05:03:39.000 UTC
0x3bff51a72edf3f956575855880128c0d056934d3,2023-06-03 12:41:53.000 UTC,7.80823E+18,2024-03-21 08:11:57.000 UTC
0x3c9cb5229aa52fedbcbf82e2bbcba12ecb1b9b27,2023-06-03 10:40:18.000 UTC,7.80129E+18,2024-01-09 04:52:10.000 UTC
0x3cb706b24044f3dc36ed71ce0785055e6f555216,2023-06-03 10:42:04.000 UTC,7.80139E+18,2023-06-21 22:54:03.000 UTC
0x3cd6f6aac224fc49004267326ecb84a8e36d909f,2023-06-03 10:36:55.000 UTC,7.80721E+18,2024-01-10 07:34:13.000 UTC
0x3d7b51810a90aba3209f80e2e53a380467b9f90b,2023-06-03 10:43:11.000 UTC,7.80458E+18,2024-04-11 05:26:15.000 UTC
0x3da71535ba74bb19a2d6bbb46bdd09ff1b0a6dfa,2023-06-03 10:43:07.000 UTC,7.80609E+18,2024-02-04 03:45:33.000 UTC
0x3dab2d907dcbda9827f069003f5c1743b391b007,2023-06-03 10:41:10.000 UTC,7.80333E+18,2024-02-02 07:37:50.000 UTC
0x3dff9c51ce206d3e074641a394f378471e4aa36f,2023-06-03 12:43:57.000 UTC,7.80219E+18,2024-03-21 15:36:56.000 UTC
0x3fa395058bf99b5f60ca350863cd967978c69b0e,2023-06-03 10:40:22.000 UTC,7.80343E+18,2024-02-02 07:23:44.000 UTC
0x3fbe817acb2d0f77a2602ce391fd742309e29d53,2023-06-03 10:45:21.000 UTC,7.80675E+18,2024-03-20 07:04:01.000 UTC
0x41d19b34d882b66492f6320aaa128eb0d0e37602,2023-06-03 10:37:15.000 UTC,7.80662E+18,2023-06-21 09:39:33.000 UTC
0x4332e5f6fbfb14f85acf05ab4485fa8f6fc510d5,2023-06-03 12:44:09.000 UTC,7.80584E+18,2024-03-21 15:36:50.000 UTC
0x43f85ebc3064e94a3c961c0107301064f4e04c6a,2023-06-03 10:37:51.000 UTC,7.80531E+18,2023-07-06 09:16:43.000 UTC
0x4484be112be236f5340a3260f0cd091516f92d57,2023-06-03 10:45:13.000 UTC,7.80431E+18,2023-12-07 01:36:13.000 UTC
0x44ac0bca74dea7436b2059da25dd43f03e72f01b,2023-06-03 12:41:21.000 UTC,7.80959E+18,2024-03-20 14:31:44.000 UTC
0x4588b2a4f4f45b9a398001f75527921d70eb2edc,2023-06-03 10:43:41.000 UTC,7.80053E+18,2024-02-04 03:50:03.000 UTC
0x45b0adccc23a82f60462c8e9af7e3e4a1db814ed,2023-06-03 10:44:49.000 UTC,7.80981E+18,2023-10-27 07:34:42.000 UTC
0x4862a48d36199aa709984df54a5c34ae00f5cc55,2023-06-03 12:43:21.000 UTC,7.80571E+18,2024-03-21 14:06:07.000 UTC
0x4ab1b6e622265256fb67e4c33f3871384280df41,2023-06-03 10:45:09.000 UTC,7.8041E+18,2024-01-10 08:36:52.000 UTC
0x4c4f04bf5e1800b1f8442c154a9db2a7658573a6,2023-06-03 10:36:55.000 UTC,7.8004E+18,2023-09-08 08:07:30.000 UTC
0x4d5b394ad97c7a78ea962c80e1cf1b37f0838fe7,2023-06-03 12:44:49.000 UTC,7.80935E+18,2024-03-21 16:19:13.000 UTC
0x4e6190f336b3e57a41e77662cb11459905610b06,2023-06-03 12:40:21.000 UTC,7.80965E+18,2023-10-27 08:24:38.000 UTC
0x4eac7f2e6651b5656a865ec042bbe843def7357c,2023-06-03 10:39:14.000 UTC,7.80145E+18,2024-01-09 03:56:12.000 UTC
0x5021c7beee9cc31604a0626cf8fed728d76b0ce6,2023-06-03 10:37:39.000 UTC,7.80152E+18,2024-01-10 07:52:30.000 UTC
0x514dd5535121c0b5cc39ef0f9fdd8829a04d2063,2023-06-03 10:41:52.000 UTC,7.80518E+18,2024-02-04 03:16:19.000 UTC
0x520c0f5a634e434a390d27d48368731b1e2c8914,2023-06-03 12:44:41.000 UTC,7.80186E+18,2024-03-21 16:19:13.000 UTC
0x534fab644dd43db14b1dd3f12e4bf5ac11aa7af3,2023-06-03 10:39:02.000 UTC,7.80245E+18,2024-02-02 06:49:34.000 UTC
0x54a302da8fd55068d629bc1d5400d61fff6d8039,2023-06-03 12:43:21.000 UTC,7.80813E+18,2024-03-21 14:05:47.000 UTC
0x55c7da31c64f4d72123917154045ab33021c4c7b,2023-06-03 10:38:13.000 UTC,7.80867E+18,2023-09-08 05:23:15.000 UTC
0x56378bb565e2eb2af3dfd9e31a84f0ce54dc5753,2023-06-03 10:44:27.000 UTC,7.80623E+18,2023-12-07 01:11:15.000 UTC
0x5718a2c9cc33fbe20c4bc98edc30d9e3ea3f5949,2023-06-03 10:36:25.000 UTC,7.80491E+18,2023-12-05 07:46:49.000 UTC
0x5729d886978b3e9ba5b12b428337948158e35374,2023-06-03 10:36:09.000 UTC,7.80688E+18,2023-09-27 06:49:37.000 UTC
0x574f6a6a6decb2dae77a55285782a97f6c61fa34,2023-06-03 10:40:44.000 UTC,7.80313E+18,2023-06-21 14:55:13.000 UTC
0x5832c5c9aad7e2e2609badc46c631540fa8f86d1,2023-06-03 10:42:54.000 UTC,7.80005E+18,2024-01-10 06:36:35.000 UTC
0x5ac828158c0f87f79d8a5494b37d36fcdb29e783,2023-06-03 10:45:01.000 UTC,7.80976E+18,2024-03-20 06:47:28.000 UTC
0x5ae4ac85cec26fc6b61b65ee0d81e8c8664dc3ef,2023-06-03 10:39:32.000 UTC,7.8064E+18,2023-12-12 09:41:32.000 UTC
0x5b68394a9df802c88d3b039903d174ae1923989d,2023-06-03 12:41:57.000 UTC,7.80342E+18,2024-03-21 08:12:09.000 UTC
0x6026ab597663c35ca7646341918577488a862762,2023-06-03 10:42:59.000 UTC,7.80236E+18,2024-04-11 05:12:23.000 UTC
0x61cfbee235e2321116a98449065e4087ad9f74ab,2023-06-03 12:41:17.000 UTC,7.80872E+18,2024-03-20 14:31:44.000 UTC
0x64b71d05d3191b9892248e17d7ec7ef3913c07d6,2023-06-03 10:38:25.000 UTC,7.80151E+18,2024-04-12 01:10:59.000 UTC
0x65cc1d60f5fb2cb992183db6b6c88eb7af513de6,2023-06-03 12:42:43.000 UTC,7.80881E+18,2024-03-21 10:01:07.000 UTC
0x672ec660ec63d165135995a166264f0166db285d,2023-06-03 10:41:48.000 UTC,7.80094E+18,2024-02-04 03:02:26.000 UTC
0x673bc238bf02d3fe7ec576b4fab7ab0bb532b510,2023-06-03 10:41:06.000 UTC,7.802E+18,2024-04-12 02:03:52.000 UTC
0x692cc3243ab9f646380cdf100a1dcac4f3aae415,2023-06-03 12:43:09.000 UTC,7.80427E+18,2024-03-21 14:06:51.000 UTC
0x6a8a6cf9c0d89ee255df57ae4394bf556c23ade0,2023-06-03 10:45:27.000 UTC,7.80968E+18,2024-04-11 03:56:13.000 UTC
0x6c76d85cf2c3b52ab1c1ee427cd0353d3c08ea1b,2023-06-03 12:42:27.000 UTC,7.80209E+18,2024-03-21 10:01:35.000 UTC
0x6d78b2a90022013a55c54afdefd12d391a1e8e1f,2023-06-03 12:45:05.000 UTC,7.80124E+18,2024-03-21 16:19:13.000 UTC
0x6ed3ed6b01f82aacb41cd3b9da23928691127db6,2023-06-03 10:41:58.000 UTC,7.80667E+18,2024-02-04 03:13:15.000 UTC
0x714a391ed3d1ac02aa9de431de3fee6722b61493,2023-06-03 10:37:03.000 UTC,7.80591E+18,2023-12-05 08:36:46.000 UTC
0x7230dcf85bff7187598b9f887cba75fe174504ec,2023-06-03 12:39:33.000 UTC,7.80799E+18,2024-03-20 13:25:41.000 UTC
0x73f0ba26766f4472cc52a4fa8f264b3efeea8bbf,2023-06-03 12:42:57.000 UTC,7.80067E+18,2024-03-21 10:01:13.000 UTC
0x749e63fb58b9038cc33c836e29d27369c68ead82,2023-06-03 10:36:25.000 UTC,7.80729E+18,2023-07-06 09:32:35.000 UTC
0x76446ee75ed1a299333040dd78a8503890a891c4,2023-06-03 10:45:55.000 UTC,7.80095E+18,2024-04-11 04:12:25.000 UTC
0x768b8ff07c34fdce6d1bba9ad33397ee4127e772,2023-06-03 12:44:03.000 UTC,7.80205E+18,2024-03-21 15:36:38.000 UTC
0x77b69352cde9c0b8a42c01cb504089a7604e04af,2023-06-03 10:37:51.000 UTC,7.8054E+18,2023-07-06 09:16:41.000 UTC
0x7829c6a44c05d8b7b7736e980117a9c1e2b7b16c,2023-06-03 10:43:19.000 UTC,7.80166E+18,2023-11-23 10:13:56.000 UTC
0x784d9b6e178b4e464c900134a02305f45e4f8a0f,2023-06-03 12:39:55.000 UTC,7.80855E+18,2024-03-20 13:25:41.000 UTC
0x785e729ef3e83a652bd0fe4aacd2960d43ee05be,2023-06-03 10:42:46.000 UTC,7.80114E+18,2024-02-04 03:30:55.000 UTC
0x79d3eee88cd803b8fb29db4480715882e285cf9d,2023-06-03 10:40:08.000 UTC,7.80353E+18,2024-02-02 07:06:46.000 UTC
0x7a3b386bcaffd9c62c7cd4ac679c72c2f974980c,2023-06-03 12:41:59.000 UTC,7.80978E+18,2024-03-21 08:12:11.000 UTC
0x7c4cc82db5b5a8e61cc72baa737792266dbbaf36,2023-06-03 12:43:35.000 UTC,7.80913E+18,2024-03-21 14:07:47.000 UTC
0x7c6bd775d2f6c62e921b6b4dfad4ee8ab71240b4,2023-06-03 10:36:21.000 UTC,7.80044E+18,2024-01-10 07:25:15.000 UTC
0x7ce42e12c4f84a3b235769470add737e18316a55,2023-06-03 10:40:44.000 UTC,7.80814E+18,2024-02-02 07:31:34.000 UTC
0x7d31241422048206065ef18084d1d15403fdd8cb,2023-06-03 10:45:11.000 UTC,7.80669E+18,2024-01-10 08:36:28.000 UTC
0x7df21bb91564e9b26d00c5b7c561d8c9de51089f,2023-06-03 10:44:57.000 UTC,7.80969E+18,2024-01-10 08:29:54.000 UTC
0x7ed8155062b4df832ab7d711d2863f145434e43c,2023-06-03 10:41:22.000 UTC,7.80166E+18,2023-06-21 14:56:11.000 UTC
0x7ef69d7a8735dbaae435f257f145873652f6b311,2023-06-03 10:36:27.000 UTC,7.80169E+18,2024-02-04 08:16:55.000 UTC
0x7efb8d7ae07947b55f83f2f9c8395998bb83ddbc,2023-06-03 10:44:07.000 UTC,7.80947E+18,2024-02-04 04:03:32.000 UTC
0x817c7cc3b2a75d169d9f88226617b183fffe35bd,2023-06-03 10:38:37.000 UTC,7.80279E+18,2024-04-12 01:13:15.000 UTC
0x82c3cee7d827f59e9988c47fa14132b5f0d186b0,2023-06-03 12:43:03.000 UTC,7.80272E+18,2024-03-21 14:06:07.000 UTC
0x82d0317f68fb8a063b98c5e5136c09085d8113e9,2023-06-03 12:39:39.000 UTC,7.80014E+18,2024-03-20 13:25:27.000 UTC
0x830e6a28acd5cfac4193b072abbbfd05d368881f,2023-06-03 12:39:57.000 UTC,7.80457E+18,2024-03-20 13:25:41.000 UTC
0x8411913362e713f1ba288ce3f1b99a5aaa202001,2023-06-03 10:38:29.000 UTC,7.80854E+18,2023-06-21 09:40:31.000 UTC
0x848048db4a195e93ab22fb1f4406a303ca270f32,2023-06-03 12:40:39.000 UTC,7.8028E+18,2024-03-20 14:32:00.000 UTC
0x84e8d942bc6b0ce61a63e7e30bd171b49b4bf2fd,2023-06-03 10:41:14.000 UTC,7.808E+18,2024-04-11 02:49:15.000 UTC
0x8577e931f932cab6cc7aef9ad96dfbeb2cd6228a,2023-06-03 10:45:33.000 UTC,7.80031E+18,2024-01-10 08:50:01.000 UTC
0x8899e2f0f943e471f3261f6a4ea348da6dc85b63,2023-06-03 10:40:50.000 UTC,7.8015E+18,2024-02-02 07:33:44.000 UTC
0x899d987f26f4b7f3e56547a0e33af9217f6482d3,2023-06-03 10:42:50.000 UTC,7.80851E+18,2024-02-04 03:34:17.000 UTC
0x8b1550c077dc24484fc8bc0c86880d178af32858,2023-06-03 10:36:21.000 UTC,7.80006E+18,2024-01-10 07:21:43.000 UTC
0x8b1c3359347304b25a90f845849125325e2634fe,2023-06-03 10:38:21.000 UTC,7.80676E+18,2023-07-06 09:16:51.000 UTC
0x8c6fc5a79839df8c707ddeb6668fb113322eade7,2023-06-03 12:44:39.000 UTC,7.80856E+18,2024-03-21 16:19:13.000 UTC
0x8dc8d74b7c0cf6439cbf3605e98afaae4fdf3a7f,2023-06-03 10:43:17.000 UTC,7.80351E+18,2024-04-11 05:22:23.000 UTC
0x8e1b57c79779935ab6911578d821a1dac05bda49,2023-06-03 10:38:41.000 UTC,7.80325E+18,2024-04-12 01:09:47.000 UTC
0x90e5bcdf50bc45ad2e47be044d14aff59c05f1f9,2023-06-03 12:41:03.000 UTC,7.80437E+18,2023-12-07 06:35:18.000 UTC
0x9263bec0f5f397f011b672cedda2898897943e98,2023-06-03 10:36:41.000 UTC,7.80049E+18,2023-11-14 01:42:20.000 UTC
0x92b00cc64015725f1b30a2dd6cd2a483790cc15c,2023-06-03 10:43:45.000 UTC,7.80392E+18,2024-02-04 03:57:04.000 UTC
0x93244bd2bfc48ca0ca68d029f4cc0a8fd27f0320,2023-06-03 12:41:13.000 UTC,7.80813E+18,2024-03-20 14:31:46.000 UTC
0x9360bcc4d516f0a26d966952bd2325533ecff30c,2023-06-03 12:44:25.000 UTC,7.80946E+18,2024-04-10 04:43:42.000 UTC
0x955b01efc3854476c211e0e3381a48185b24542d,2023-06-03 12:41:45.000 UTC,7.80683E+18,2024-03-21 08:11:55.000 UTC
0x994a9259fc80d7632c4d03ef0ecda3cb3df9e972,2023-06-03 10:40:00.000 UTC,7.80288E+18,2023-08-03 06:30:02.000 UTC
0x9d34cc2299884f4daa9e9e0b7af6cbf0ad4ba3c2,2023-06-03 10:44:13.000 UTC,7.80738E+18,2023-06-21 22:56:44.000 UTC
0x9d643df98db4d9309d737a83a37f67661eace35c,2023-06-03 10:44:19.000 UTC,7.80697E+18,2024-02-04 04:05:08.000 UTC
0x9e8d7a4db21de8777bc65ccb42feccf9aa8ab945,2023-06-03 10:43:15.000 UTC,7.80125E+18,2024-02-04 03:51:29.000 UTC
0x9f7fc0b57d04ecc627bde78e2df46baec1258491,2023-06-03 10:42:14.000 UTC,7.80444E+18,2023-06-21 23:15:12.000 UTC
0xa1a367b8567fde962dc053be50e02a623549f663,2023-06-03 10:37:55.000 UTC,7.80848E+18,2023-12-06 06:27:12.000 UTC
0xa3a1314a78618b660b134f5b939c030cae8d5d45,2023-06-03 10:38:25.000 UTC,7.80371E+18,2024-02-02 06:28:30.000 UTC
0xa41b8549898e0361a18756a15f054eba96f0e8bc,2023-06-03 10:44:55.000 UTC,7.80228E+18,2023-11-23 06:11:27.000 UTC
0xa44f51288bb9023c5763f5eb4bc6b5ff170caa69,2023-06-03 10:39:08.000 UTC,7.80003E+18,2023-06-21 09:41:11.000 UTC
0xa4f4563b9f2152b4602cb8960b7728d2de9bcd3e,2023-06-03 12:41:51.000 UTC,7.80736E+18,2024-03-21 08:11:57.000 UTC
0xa765904550a16e3afeeb210bda9529ee0b716764,2023-06-03 10:37:07.000 UTC,7.8E+18,2023-09-08 06:52:23.000 UTC
0xa8f2d829c34b05db17c627b49d99554501143e94,2023-06-03 10:39:12.000 UTC,7.8081E+18,2023-09-08 02:42:16.000 UTC
0xa964321d815c56493098fefc345e894dbca845bd,2023-06-03 12:44:07.000 UTC,7.80745E+18,2024-03-21 15:36:32.000 UTC
0xa9ac85a38d57be6a9ec48c2d1e36240a06d2033f,2023-06-03 10:45:41.000 UTC,7.80986E+18,2024-03-20 13:25:41.000 UTC
0xab5771bd8f9b8b31e629f04bcf325891f0d5ea6a,2023-06-03 12:43:11.000 UTC,7.80673E+18,2024-03-21 14:06:11.000 UTC
0xab6c69f92f949ef1502e20a5a29a6b31428f78e7,2023-06-03 10:38:17.000 UTC,7.80817E+18,2023-09-08 05:14:53.000 UTC
0xabbeedb5756de7c1e531982d97c48740477359ae,2023-06-03 10:36:21.000 UTC,7.80041E+18,2023-10-28 04:24:03.000 UTC
0xac633a4ed82f79a56497ce9dadd22ad3882b17c7,2023-06-03 10:39:54.000 UTC,7.80782E+18,2024-02-02 07:02:52.000 UTC
0xae7dc26e810fd472c82c50a2f078b91c71b93920,2023-06-03 12:43:13.000 UTC,7.8006E+18,2024-03-21 14:05:53.000 UTC
0xafe0ef1c0d550bac624982a596049482a2f758f3,2023-06-03 10:39:18.000 UTC,7.80483E+18,2023-06-21 09:41:21.000 UTC
0xb23477801991dc08955ec2eb554996046efd7535,2023-06-03 12:42:19.000 UTC,7.80572E+18,2024-03-21 10:01:23.000 UTC
0xb289b6a9c57a150a55a694ed9388498650693a39,2023-06-03 12:39:35.000 UTC,7.80873E+18,2024-03-20 13:25:41.000 UTC
0xb5b9177b6e2e46f774591a3dd7ca35add54deb1f,2023-06-03 10:42:04.000 UTC,7.80714E+18,2024-01-10 06:24:06.000 UTC
0xb7bcad4423bfcc29c2867dd3794c766331abfa0d,2023-06-03 12:43:55.000 UTC,7.80583E+18,2024-03-21 15:36:36.000 UTC
0xb8c5d733604170b8b2804d5dafa51126e27e4e13,2023-06-03 10:43:43.000 UTC,7.80468E+18,2024-01-10 07:20:33.000 UTC
0xb8e124833b6bc17d8232146e9df82b8fa284bbd5,2023-06-03 10:40:24.000 UTC,7.80797E+18,2024-02-02 07:21:48.000 UTC
0xbd2443b36143199b2354394a8cc4c8b6dc83bbbc,2023-06-03 10:46:19.000 UTC,7.80254E+18,2024-03-20 13:25:07.000 UTC
0xbedf2e40b7dff186532f447319379426d1b6ef41,2023-06-03 12:41:49.000 UTC,7.8001E+18,2024-03-21 08:11:57.000 UTC
0xbf5ba5631270958bfd85438ecc6792af04943997,2023-06-03 10:42:36.000 UTC,7.80192E+18,2024-01-10 06:36:21.000 UTC
0xc0b0e63f04c83488c8b1dc76d5c5c0bfefbed6b0,2023-06-03 12:42:15.000 UTC,7.80731E+18,2024-04-10 04:11:51.000 UTC
0xc166d30d59fc2ab8d8706f1bf22144a5b7a41570,2023-06-03 10:38:41.000 UTC,7.8047E+18,2023-06-21 09:40:47.000 UTC
0xc20aab13c356d7c1fa1b620233c4aab377c55b73,2023-06-03 10:44:29.000 UTC,7.80168E+18,2024-01-10 08:15:51.000 UTC
0xc231b97396f872eb8e3664e9159eee42cac258cc,2023-06-03 10:38:41.000 UTC,7.80387E+18,2023-09-08 03:00:14.000 UTC
0xc4fea361fc20c5fb8e63ae32833166520df659ec,2023-06-03 10:40:52.000 UTC,7.80969E+18,2024-02-02 07:34:56.000 UTC
0xc568c568b08cebf9880f749011de5cb117cd0d33,2023-06-03 10:41:22.000 UTC,7.80795E+18,2023-06-21 14:56:03.000 UTC
0xc67a9a152d655995fc0014a44f42e4c93cd9847f,2023-06-03 10:41:58.000 UTC,7.80467E+18,2024-01-10 06:23:50.000 UTC
0xc6bdad4fef0a934c367ce1d2b24a2c1e1db8f5e1,2023-06-03 12:44:01.000 UTC,7.80489E+18,2024-03-21 15:36:40.000 UTC
0xc6dccc87ea136c1b9ac7a10fdb7780561fd1d145,2023-06-03 12:41:55.000 UTC,7.80142E+18,2024-03-21 08:11:57.000 UTC
0xc7611c528d1b286244d80731e5466bdeba760bd4,2023-06-03 10:37:51.000 UTC,7.80343E+18,2024-02-04 08:55:05.000 UTC
0xca27bcc78d0c5cb69da3388d4296cba8868457dc,2023-06-03 10:38:21.000 UTC,7.80427E+18,2023-07-06 09:16:29.000 UTC
0xccb027ba7447d9ea908bfe101ff1588704ffb4ea,2023-06-03 12:40:13.000 UTC,7.80362E+18,2024-01-10 09:39:30.000 UTC
0xcdd2ca1cc1ea91c4317549fb603ed56d46fd0fb5,2023-06-03 10:40:52.000 UTC,7.80691E+18,2024-02-02 07:39:50.000 UTC
0xcdfac0c7eee2ef3ebc2cefbf22f9709060760030,2023-06-03 12:43:07.000 UTC,7.80707E+18,2024-03-21 14:06:09.000 UTC
0xce4d5bc8eecfb9683b76369efddaa2715498deed,2023-06-03 10:45:45.000 UTC,7.80774E+18,2024-03-20 13:25:41.000 UTC
0xcea537cf590818481455c8cf26285428130647d7,2023-06-03 10:45:31.000 UTC,7.80629E+18,2023-07-06 10:03:37.000 UTC
0xd044dfe8b1c94200a9a06c54fc514a271c29eeb2,2023-06-03 10:45:47.000 UTC,7.80487E+18,2024-03-20 13:25:19.000 UTC
0xd0e116dcbe7a4fd229dee358df228cb2685bea22,2023-06-03 10:44:13.000 UTC,7.80152E+18,2023-06-21 22:56:40.000 UTC
0xd283d5369f88fb3538a83ee965f2d9dba680ba98,2023-06-03 12:44:05.000 UTC,7.80858E+18,2024-03-21 15:36:24.000 UTC
0xd3c238d9965ad5215c13ebf319a04f1cb0c400ab,2023-06-03 10:37:11.000 UTC,7.80274E+18,2024-01-10 07:41:38.000 UTC
0xd3e4091704fcdbede4a1e8d3471ec48801bc8e49,2023-06-03 10:40:22.000 UTC,7.80712E+18,2023-09-07 08:51:18.000 UTC
0xd41a9bb8e085e6e9019b5e6f7ce0bf738af8c194,2023-06-03 10:39:30.000 UTC,7.8042E+18,2023-08-03 06:29:58.000 UTC
0xd42e3fed8febc875d5af28b1a116294fac4391e0,2023-06-03 10:36:39.000 UTC,7.8061E+18,2023-07-06 09:32:39.000 UTC
0xd5b88a9deb8d690bf45f1c7e140c9b1b48d89496,2023-06-03 10:41:34.000 UTC,7.80167E+18,2023-06-21 14:56:17.000 UTC
0xd6464040aa180c6234db0ddea534d8dcbae823f0,2023-06-03 10:37:35.000 UTC,7.8024E+18,2024-01-10 07:46:28.000 UTC
0xd65197da0bb60371a7c938b59ac9dcf6d5c05d69,2023-06-03 10:41:12.000 UTC,7.80124E+18,2024-02-04 02:53:44.000 UTC
0xd733b2bc046570ce4469ffcb411f2b4139932a30,2023-06-03 10:41:18.000 UTC,7.80328E+18,2024-04-11 02:51:49.000 UTC
0xd7937519326b8a4973b46fddc1da86fed1626b4a,2023-06-03 10:45:49.000 UTC,7.80317E+18,2024-03-20 13:25:41.000 UTC
0xd80ab37921e4b3ff3f19935ff97622be582f76eb,2023-06-03 12:39:41.000 UTC,7.80836E+18,2024-03-21 16:28:52.000 UTC
0xd887ac35d6c778f00b6e459de400b51cd9b67822,2023-06-03 12:41:39.000 UTC,7.80884E+18,2024-03-21 08:11:57.000 UTC
0xd8bfd4d1a0f7cb3ecab61385e86d94c2d17e7ca6,2023-06-03 10:40:16.000 UTC,7.80864E+18,2024-02-02 07:14:02.000 UTC
0xda309977ddc7b84b182b7a7b827014978026e00b,2023-06-03 10:43:53.000 UTC,7.80052E+18,2023-06-21 22:56:30.000 UTC
0xdd748cafc30e0c6e1fdd659cd349ba704b0a0e60,2023-06-03 12:44:23.000 UTC,7.80271E+18,2024-03-21 15:37:00.000 UTC
0xddc440b7ca06a849f76cbfa733513580996f3bbf,2023-06-03 12:40:09.000 UTC,7.80132E+18,2024-03-21 16:29:30.000 UTC
0xde6df3d4aff9ec3f2bf9ed0034975e75f38d64e6,2023-06-03 10:40:42.000 UTC,7.80393E+18,2024-02-02 07:25:32.000 UTC
0xe0e9ae668a8d1e1569756b90175b4db6839eab58,2023-06-03 12:41:23.000 UTC,7.80187E+18,2024-03-20 14:31:44.000 UTC
0xe251279e3458b7dd61f99220b394e0da3c7bc404,2023-06-03 10:37:47.000 UTC,7.80839E+18,2024-01-10 07:47:28.000 UTC
0xe29d3a313356fdda2bfdf2780e4a27a16cd6bb4e,2023-06-03 10:38:01.000 UTC,7.80218E+18,2024-01-10 07:59:46.000 UTC
0xe308efff2e9068750ee7fc8b451ff96dd3f2dd77,2023-06-03 12:42:35.000 UTC,7.80989E+18,2024-03-21 10:01:25.000 UTC
0xe446c6b0a578f02d8c91249ccc74a88268fafb99,2023-06-03 10:38:45.000 UTC,7.80075E+18,2024-04-12 01:18:41.000 UTC
0xe4fde37497f61b2f68b820a111ce3664302a19fd,2023-06-03 10:42:12.000 UTC,7.80377E+18,2024-02-04 03:23:40.000 UTC
0xe5bee1d4cc018aef7d3124f4f5da605c79b0ed14,2023-06-03 10:39:02.000 UTC,7.80093E+18,2024-02-02 06:45:44.000 UTC
0xe5e3f143e857f1cefdaea9e8c5a2fc05405f2ed5,2023-06-03 10:38:37.000 UTC,7.80708E+18,2023-09-08 03:00:18.000 UTC
0xe5e52cd121a769e8dc856f2ea176a484f9e79eac,2023-06-03 12:41:01.000 UTC,7.80507E+18,2024-03-20 14:31:46.000 UTC
0xe9ea4084b7b8a412098a5956eeb406de22f67397,2023-06-03 12:43:41.000 UTC,7.80818E+18,2024-03-21 14:07:15.000 UTC
0xeb65fdf42fe359002e5e8e945aec0531da737f88,2023-06-03 12:42:31.000 UTC,7.80982E+18,2024-03-21 10:01:13.000 UTC
0xec99ad3472c8fc179106193fd30fd422b6ecf9f5,2023-06-03 10:39:20.000 UTC,7.80999E+18,2023-09-08 07:53:20.000 UTC
0xecd413d4c831a7f96bb8525ae6537eb9dcf83018,2023-06-03 10:45:25.000 UTC,7.8009E+18,2024-02-02 05:46:00.000 UTC
0xeda623d97be3d60269b90edfa456e62236b22ea4,2023-06-03 10:40:14.000 UTC,7.80045E+18,2023-12-12 09:54:23.000 UTC
0xee07593038800e2072a4156f624c0b1640d888c8,2023-06-03 12:41:25.000 UTC,7.80595E+18,2024-03-21 08:11:57.000 UTC
0xee6407345cb37aecc0ac98e844b5f97d0fa8ec3c,2023-06-03 10:39:22.000 UTC,7.80858E+18,2023-09-08 02:41:08.000 UTC
0xeed4141df2ecd2bb0728c1c389ba6c48120e12c3,2023-06-03 10:42:18.000 UTC,7.80207E+18,2024-02-04 03:21:13.000 UTC
0xefd1e3b82a9a87ab640b8b2a21a0ec473cd637b3,2023-06-03 10:36:03.000 UTC,7.80613E+18,2023-12-05 07:31:31.000 UTC
0xf1db6f893bbab022ad8108c83af8f8749a593748,2023-06-03 12:42:23.000 UTC,7.80393E+18,2024-03-21 10:01:27.000 UTC
0xf206a2163e29821631a2f4c46f012fca17e967af,2023-06-03 10:42:36.000 UTC,7.80356E+18,2023-06-21 23:15:44.000 UTC
0xf3ac8c8e2ace1af990376d982dfaca88712aae66,2023-06-03 12:43:01.000 UTC,7.80714E+18,2024-03-21 10:01:13.000 UTC
0xf46207612c8d8a2f00b3a1d90cdc50775576383c,2023-06-03 12:40:19.000 UTC,7.8061E+18,2023-06-29 09:42:48.000 UTC
0xf4d888b4935e323b2aabc3980e4a61bd27ed43ee,2023-06-03 12:43:05.000 UTC,7.80476E+18,2024-03-21 14:06:09.000 UTC
0xf5fbb7416a4acb24db875584dea31e6dc2e56554,2023-06-03 12:40:11.000 UTC,7.80343E+18,2024-03-20 14:31:44.000 UTC
0xf75cc7d17749d78c7f1c7596067731216c3e1b1f,2023-06-03 12:40:43.000 UTC,7.80574E+18,2024-03-20 14:32:12.000 UTC
0xf84cc0b341b56f644eac902434805a0503ef2172,2023-06-03 10:43:13.000 UTC,7.8033E+18,2023-06-21 22:55:34.000 UTC
0xf862fe03e6389befab4db6e0e79c4ebf8fd4fdf6,2023-06-03 10:42:52.000 UTC,7.802E+18,2023-06-21 23:16:12.000 UTC
0xf975358c2db82a1406e4162fdb4ef27736a92de7,2023-06-03 12:44:35.000 UTC,7.80597E+18,2024-04-10 04:44:38.000 UTC
0xfa356f88842097963aaa92df09ae12b5715bc8b7,2023-06-03 12:42:41.000 UTC,7.80623E+18,2024-03-21 10:01:13.000 UTC
0xfb31cda270f213901b404310256f820e73060918,2023-06-03 10:39:28.000 UTC,7.80925E+18,2024-02-02 07:01:20.000 UTC
0xfb42eb307f3236dc6304b6963a5f55422ae0dc2c,2023-06-03 10:43:27.000 UTC,7.8061E+18,2023-06-21 22:55:56.000 UTC
0xfbf318cea860c1afa5db85a84c8a7e90c94df172,2023-06-03 10:41:00.000 UTC,7.80837E+18,2024-04-12 02:01:30.000 UTC
0xfc28787764f7da447630f050652c5a711d448da0,2023-06-03 10:35:59.000 UTC,7.80517E+18,2023-12-05 07:23:03.000 UTC
